{
  "epochs": 10,
  "learning_rate": 0.001,
  "batch_size": 256,
  "seed": 42,
  "test_accuracy": 98.68,
  "train_losses": [
    0.16993767684920036,
    0.048153705637347194,
    0.03698802088248603,
    0.026561993271350226,
    0.021070156152300696,
    0.018948440353306843,
    0.01644578125981733,
    0.012538153954603254,
    0.010365287702471176,
    0.01098640281880433
  ],
  "val_losses": [
    0.06604023072868585,
    0.05287073478102684,
    0.039541895221918824,
    0.029035511356778444,
    0.03512844555079937,
    0.028231170354411007,
    0.033523978851735595,
    0.035942338337190446,
    0.035408935765735804,
    0.04068171354010701
  ]
}